both,lidar,radar
0.0828043,0.0828043,0.0828043
0.000386525,0.000386525,0.000386525
17.6395,17.6395,17.6395
1,1,1
0.00429471,0.12388,0.00429471
0.000157497,0.00045889,0.000157497
1.51196,8.81894,1.51196
1.02682,0.498205,1.02682
0.000107306,8.58E-05,1.10E-05
4.24E-06,0.00339106,0.00265881
2.66238,1.36172,1.00834
0.195918,0.133544,0.68112
0.0150957,0.00180711,0.0228799
0.000342906,0.00439865,0.00282937
0.0451168,1.02175,0.0787982
0.777383,0.10187,0.756181
0.00810878,0.000396469,0.0218584
0.000663174,3.33E-05,7.69E-05
0.00601864,0.282384,0.0629068
0.457983,0.0123867,0.599959
0.00351821,0.00180046,0.010688
6.40E-05,7.89E-08,0.000212825
0.00238434,0.23561,0.000633057
0.113149,0.00959136,0.186919
0.00149995,0.000708223,0.00938528
0.000513121,0.000168226,4.10E-05
0.00662111,0.0887521,0.000527148
0.0741321,0.0155283,0.156976
0.00199886,0.00150764,0.00964597
0.00061775,0.000318614,0.000143706
0.000144629,0.0778647,0.00222698
0.0463512,0.0125729,0.102762
0.00120321,0.000224095,0.00899092
0.00097089,0.000406292,0.000691384
0.000699833,0.0203615,0.0019434
0.0318845,0.00894111,0.0884799
0.000731991,0.000439816,0.00497499
0.000666464,0.000551316,0.000454026
0.000843241,0.0184466,8.62E-07
0.0117847,0.00715936,0.032469
0.000903252,0.000317209,0.00451646
0.000689147,0.000237265,0.00082781
0.00034983,7.34E-06,1.89E-06
0.00811352,0.0018212,0.0276946
0.000361596,0.000295111,0.00170112
1.64E-05,0.000277176,7.50E-06
0.000988681,4.25E-06,0.000984558
0.000487217,0.00123831,0.000127942
1.34E-05,0.000234734,0.00145282
0.000235916,0.00115507,9.15E-06
0.00330037,0.00741469,0.000944027
0.0101863,0.012854,2.43E-05
6.13E-06,0.000357855,0.000511152
0.000140694,0.00147208,9.59E-06
0.00526296,0.0069896,0.00381823
0.00557404,0.0133258,3.63E-05
6.66E-05,0.000430132,0.000355402
0.000251132,0.000971067,6.45E-06
0.00558905,0.00597621,0.00364534
0.00665409,0.00764107,0.000149967
5.54E-05,0.000567876,0.000227152
0.000169887,0.00119517,2.78E-06
0.00136469,0.00571334,0.000954018
0.00436703,0.00833451,0.000544392
9.75E-05,0.000751864,0.000172026
6.74E-06,8.94E-06,9.82E-08
4.06E-06,0.00435543,0.000946174
1.26E-05,0.00011797,0.000870903
0.000125209,0.000890778,0.000142091
1.51E-06,1.06E-05,2.10E-05
0.00101652,0.00400414,0.000258529
0.000655202,1.20E-05,0.00265582
7.17E-07,3.00E-05,0.000153134
3.12E-05,7.01E-06,5.12E-05
8.46E-05,0.00133726,0.000216847
0.00196243,0.000357784,0.0033002
4.87E-09,5.09E-05,0.000170803
6.04E-05,1.36E-05,9.57E-05
0.000526999,0.00134232,0.000465513
0.002263,0.000671686,0.00346241
8.48E-05,0.000695548,0.000136617
8.41E-05,2.23E-05,0.00015897
0.0014381,0.00682715,0.000489536
0.00277841,0.00102885,0.00423676
2.66E-05,0.000889109,0.000220733
0.000643164,4.06E-05,0.00133847
2.98E-05,0.00670353,0.000131969
0.0109216,0.00153528,0.0166774
1.92E-05,0.000519214,0.000227282
0.000110625,0.00011275,0.00178909
4.89E-05,0.00292801,0.000100083
0.00250994,1.08E-05,0.0180413
8.27E-06,0.00062368,0.000213111
8.49E-05,0.000107121,0.000955733
0.000252941,0.0029474,0.000229765
0.00216133,2.46E-05,0.00931326
4.70E-07,0.000168318,0.000225765
0.000201455,8.38E-06,0.00124102
0.000267631,0.000302157,0.00018069
0.00380996,0.00213764,0.0105868
5.37E-06,0.000184874,0.000214015
0.000490813,2.83E-05,0.00176108
0.00238206,0.000344121,0.00213784
0.00754668,0.00289708,0.0138648
0.000112615,4.87E-05,0.000275539
0.000156445,3.07E-06,0.00222556
0.00342485,0.0013036,0.00191556
0.00275585,0.00126682,0.0154207
3.96E-06,7.39E-05,1.90E-06
0.000247785,6.18E-08,0.00193765
8.82E-05,0.00113871,0.000398393
0.00348419,0.00191155,0.0119399
3.83E-06,7.62E-05,1.19E-07
0.000669466,0.000345962,0.00238596
0.000120129,0.000772285,0.000459327
0.00775476,0.00882289,0.0135191
1.02E-05,9.83E-05,1.17E-07
0.000846361,0.000535136,0.00200718
0.000411075,0.000644673,0.000242355
0.00914523,0.0102777,0.0111297
4.19E-05,0.000198282,1.55E-07
0.001074,0.000876706,0.00244959
0.000496264,0.000968636,0.00017594
0.0101332,0.0128096,0.0127529
7.65E-06,0.000235707,2.45E-06
0.000564533,0.00122129,0.000382394
0.000904566,0.000809957,0.00111972
0.00423532,0.0145581,0.00165268
1.99E-05,0.000313115,1.04E-05
0.000429582,0.000777353,0.000462036
0.000646928,0.000836789,0.00124263
0.00309168,0.00897551,0.00244033
6.14E-06,0.000353939,0.000260924
0.000482674,0.00104811,0.000404746
0.0012624,0.000679536,0.00161819
0.00372921,0.0105686,0.00274866
4.19E-07,0.000361248,0.000322234
0.000616126,0.00105893,0.00051325
0.000964287,0.000444926,0.00178204
0.00477002,0.0097192,0.00374986
3.28E-05,0.000389242,0.000607823
0.000441201,0.00138319,6.54E-05
0.00173186,0.000327324,0.00199863
0.00331845,0.0114187,0.00123211
0.00011103,4.50E-07,0.000706403
6.56E-05,0.000245299,9.92E-05
0.00222153,0.00161254,0.00220413
0.000520395,0.00205493,0.00196759
9.59E-05,7.29E-06,0.000679971
1.80E-05,0.000321855,1.58E-05
5.91E-05,0.00181674,3.24E-05
0.000493828,0.00297465,0.000687874
2.83E-05,1.99E-05,0.000680403
1.90E-06,0.000107256,5.67E-06
2.10E-06,0.000431993,7.70E-05
0.000383101,0.00134241,0.00127936
6.47E-06,1.10E-05,0.000509187
2.95E-07,0.000150996,4.76E-05
0.0010414,0.000567888,0.000898735
0.000768579,0.00212709,0.0014222
3.60E-06,8.15E-05,0.00043587
5.20E-05,0.000252387,2.21E-05
0.00108281,7.38E-05,0.000683461
0.00259264,0.00345206,0.00223243
4.91E-06,7.09E-05,0.000709672
0.000134922,0.000355518,4.55E-05
5.78E-07,0.000146845,2.31E-05
0.00399323,0.0046376,0.00508434
6.56E-05,0.000119495,0.00070986
0.000250899,0.000368275,0.000109184
0.000233447,0.00417737,7.30E-05
0.00578665,0.00480669,0.00649046
4.04E-05,0.000198376,0.000482022
0.000451505,0.00051333,0.000397949
2.08E-05,0.00460575,4.79E-07
0.00825129,0.0061886,0.00999802
1.72E-05,5.42E-05,0.00047654
0.000518715,0.000543879,0.000621464
1.41E-05,0.00201901,2.33E-05
0.00836579,0.00631217,0.0118881
5.20E-05,9.21E-05,0.000520414
0.000515615,0.000742882,0.000212944
0.00100398,0.00237829,0.000928105
0.00729394,0.00787903,0.00753129
6.66E-05,6.79E-05,0.000584268
0.00095432,0.0011761,0.000360638
0.0012442,0.00183678,0.00120034
0.0111012,0.011037,0.00922637
0.000130137,0.000107612,0.000670815
0.00135487,0.00155195,0.000892545
0.00302693,0.00221845,0.00294174
0.0131922,0.0130338,0.012863
4.06E-05,1.05E-05,0.000807928
0.000804679,0.000885602,0.00125626
0.0018602,9.11E-05,0.00342934
0.00718376,0.00695173,0.014997
0.000135788,6.92E-06,0.000985276
0.000725965,0.00114576,0.000374458
0.00473445,0.000210805,0.0056581
0.00584695,0.00860154,0.0083692
6.58E-05,9.56E-05,0.0012193
0.000377315,0.000581327,0.00057367
0.00346798,2.00E-06,0.00635868
0.0029516,0.00416328,0.0101556
2.37E-07,9.28E-05,0.000242774
0.000272718,0.000747178,1.96E-07
4.05E-05,1.64E-05,0.000149831
0.00286969,0.00548687,0.00441863
1.17E-05,6.44E-06,0.00026135
0.000197079,0.000387339,9.70E-06
0.000243461,0.00164652,0.000316093
0.00244886,0.00288726,0.0057743
8.00E-06,2.17E-05,0.000181026
0.000256291,0.000502671,3.55E-05
0.00018404,0.00212091,0.000246859
0.0033876,0.00401258,0.00704106
1.18E-05,6.15E-05,0.000202968
8.13E-05,0.000137008,0.000106459
0.000296767,0.00289622,0.000467541
0.00167438,0.00131442,0.00868885
6.08E-05,0.000111879,0.000379721
0.000118513,0.000186476,0.000215489
0.00217653,0.00355104,0.00289863
0.00217299,0.00211133,0.00949402
4.11E-05,1.84E-06,0.00048972
0.000331436,0.00046205,0.000385605
0.00218617,0.00111324,0.00357901
0.00468645,0.00486851,0.0113509
7.65E-05,9.92E-06,0.00036643
0.00023856,0.00062621,1.54E-05
0.00346297,0.00157937,0.00384463
0.0035087,0.00625161,0.00460738
7.25E-05,1.47E-05,0.00049332
2.82E-05,0.000115284,7.08E-08
0.00318896,0.00180972,0.00467141
0.00107671,0.00161787,0.00594804
7.58E-05,3.69E-05,0.000384136
1.53E-05,0.000166268,0.000189629
0.00129666,0.00242664,0.00170961
0.00145515,0.00246302,0.00419328
9.03E-05,9.96E-05,0.000468997
1.67E-05,2.24E-07,0.00010394
0.0014963,0.00356158,0.0023319
0.000417847,0.000374477,0.00545772
0.000111934,0.000169791,0.000556921
2.72E-09,2.81E-06,5.05E-05
0.00143907,0.00444682,0.0026474
0.00152475,0.000826669,0.0108963
0.000169888,0.000286169,0.000683405
1.77E-07,9.69E-08,0.000155626
0.00207642,0.00565088,0.00345012
0.0017031,0.000805472,0.0127704
0.000172206,0.000428384,0.000668317
5.36E-06,1.80E-06,0.000159834
0.000692053,0.00680342,0.00151782
0.00324976,0.00140613,0.014144
0.000158675,0.000386895,0.000771408
2.76E-05,5.26E-05,0.00034918
0.000782259,0.00583814,0.0021868
0.00140131,0.000335477,0.0161874
0.000236266,0.000552572,0.000949617
1.13E-05,3.66E-05,0.000323758
0.00153486,0.00707871,0.00336492
0.00208417,0.000743553,0.0153989
0.000183493,0.000250517,0.0011333
3.21E-05,4.98E-05,0.00058812
0.00151486,0.00369332,0.00436709
0.00166313,0.000845866,0.0174551
0.000110936,0.000358465,0.000735616
8.69E-06,2.84E-05,0.000285162
3.80E-06,0.00476589,0.000484662
0.00358829,0.00141979,0.0169684
4.93E-05,0.000194735,0.000796834
0.000182043,0.000265056,0.000550239
8.45E-09,0.00304107,0.000946474
0.000980507,0.000135633,0.0190369
4.93E-05,0.000282518,0.00085089
7.73E-05,0.00023599,0.0012655
1.88E-05,0.00407771,0.00129132
0.00237408,0.000402482,0.0237133
1.84E-05,9.46E-05,0.000959116
0.000142024,0.000265614,0.00186513
3.68E-05,0.00206749,0.0020233
0.00166762,0.000497667,0.0259967
1.44E-05,0.000147454,0.000974494
3.06E-05,0.00022085,0.00339564
2.33E-05,0.00298597,0.0018847
0.00390496,0.00091867,0.032763
3.85E-05,0.000209736,0.00111483
7.47E-08,5.14E-05,0.00449845
0.000351465,0.00391567,0.0027872
0.005689,0.00286476,0.0352445
2.94E-05,0.000314297,0.000792249
1.15E-05,1.81E-05,0.00289402
9.22E-05,0.00518615,0.00130038
0.00749188,0.00371419,0.0278916
3.75E-05,0.000369302,0.000899509
1.25E-06,6.51E-05,0.00383557
0.000286547,0.00573982,0.00210352
0.00493943,0.0024533,0.0300941
4.59E-05,0.000533594,0.000620264
8.97E-08,2.87E-05,0.00160032
0.000560324,0.00730737,0.00204421
0.0051541,0.00320184,0.0187597
7.19E-06,0.000162104,0.000742047
9.12E-05,0.00018194,0.00218445
0.000373319,0.00320567,0.00305947
0.00176801,0.00115718,0.0205185
5.10E-06,0.000247048,0.000493965
6.08E-05,0.000132855,0.00106333
0.000251584,0.00446446,0.0019413
0.00257785,0.00166042,0.0153246
7.92E-06,9.80E-05,0.000601905
3.11E-06,1.08E-05,0.00150016
0.000709327,0.0027736,0.00297087
0.00428715,0.00395414,0.0168299
2.84E-05,0.00016181,0.000571342
2.28E-07,7.84E-10,0.000858817
0.00180924,0.00399653,0.00396762
0.00452083,0.00475806,0.0126559
0.000162872,0.000554671,0.000737266
3.77E-05,1.49E-05,0.00121678
0.00406667,0.00875893,0.00542209
0.00638525,0.0056889,0.0139366
0.000101664,0.000802689,0.000349983
0.000143619,6.00E-05,0.00116283
0.00149741,0.0108575,0.00211746
0.00962989,0.00655606,0.015201
2.65E-05,0.000281269,0.000447645
6.70E-08,9.30E-06,0.00161421
0.000938039,0.00498341,0.00325602
0.00345864,0.00220646,0.0164613
4.59E-05,0.000418636,0.000482844
1.61E-05,2.99E-07,0.0016725
0.00157605,0.00666349,0.00418936
0.00443512,0.00272368,0.0158021
6.70E-06,4.72E-05,0.000642359
4.36E-07,5.33E-07,0.00221329
0.00131874,0.00210655,0.00576536
0.00275177,0.00244297,0.0169514
7.31E-06,8.84E-05,0.000409174
1.60E-05,3.48E-06,0.00188164
0.00194617,0.0032876,0.00571223
0.00337962,0.00292702,0.0145014
5.06E-06,1.53E-07,0.00058364
0.000124526,0.00015715,0.00242487
0.00265246,0.0013702,0.00756313
0.00520935,0.00626587,0.0154797
1.14E-05,6.37E-06,0.000579277
0.00027569,0.000272956,0.0029363
0.00229813,0.00237513,0.0058907
0.00738388,0.00690832,0.0179699
0.000113535,0.000291565,0.0007865
0.000375531,0.000262101,0.00367981
0.0046455,0.00839918,0.00780542
0.00758144,0.00562154,0.0188849
0.000124239,0.00047683,0.000467824
0.000558163,0.000397373,0.00233792
0.00331898,0.0106623,0.00482013
0.00935954,0.00614599,0.0152276
0.000237073,0.000881038,0.000638279
0.000376825,0.000178481,0.00295077
0.00468111,0.0147743,0.00660174
0.00600316,0.00291517,0.0159428
0.000205745,0.0012866,0.000325023
0.00059726,0.000258042,0.00224045
0.00254133,0.0177342,0.00359009
0.00848919,0.00324279,0.0146798
0.000220483,0.00108439,0.000450149
0.00036139,0.000127128,0.00282893
0.00295262,0.0142467,0.00517612
0.00475896,0.00156417,0.0152409
0.000234629,0.00152086,3.05E-05
0.000326701,0.000175769,0.000200979
0.00373219,0.017196,0.00363872
0.00346359,0.00176248,0.00438061
0.000187861,0.000922916,7.75E-05
9.30E-05,3.06E-05,0.000304957
0.0035006,0.01057,0.00525124
0.000972172,0.000334434,0.00464758
0.000138102,0.00127066,8.59E-06
0.000168451,4.19E-05,0.000262617
0.00160937,0.013174,0.00267288
0.0022523,0.000408795,0.00584061
0.000155573,0.00108575,3.36E-05
2.95E-05,3.02E-06,0.000399057
0.00206188,0.010875,0.00409226
0.00057643,6.07E-06,0.00604407
0.000140629,0.00146559,4.73E-05
1.74E-05,3.27E-06,5.30E-05
0.00196032,0.0135286,0.00242845
0.000461542,1.10E-06,0.00184251
0.000159181,0.000882888,1.66E-05
7.77E-06,1.47E-06,2.57E-05
0.0027237,0.00814184,0.00379556
0.000251808,2.66E-06,0.00191774
4.77E-05,0.00118117,0.000311339
3.85E-05,1.20E-06,9.97E-05
0.000184767,0.0104785,0.000309802
0.00163451,5.71E-06,0.00346448
0.00014044,0.00142655,0.000267896
1.87E-05,2.77E-05,4.88E-05
0.00105864,0.0120151,0.000905771
0.00105892,7.23E-05,0.00348307
0.000174349,0.00187938,0.000205155
3.01E-05,3.19E-05,2.01E-05
0.00276249,0.0147975,0.00315298
0.000665733,6.94E-05,0.00232209
0.000122211,0.000984626,0.00012423
8.03E-06,0.000123064,4.25E-06
0.00254967,0.00738275,0.00468225
3.08E-07,0.000475097,0.00228155
6.87E-05,0.00128282,0.000136848
1.75E-06,0.000147108,4.62E-05
0.000516457,0.00960928,0.00218881
0.000766129,0.000492778,0.00575881
0.000134282,0.00114375,8.11E-05
7.23E-09,0.000137759,0.000110896
0.00143206,0.00838791,0.00348565
0.000445534,0.000364817,0.00557994
0.000178412,0.00148449,2.45E-05
1.68E-05,0.000160117,0.000867426
0.00146255,0.010729,0.0057811
0.00124196,0.000406159,0.00982442
0.000143359,0.000626841,8.14E-05
2.85E-05,1.46E-05,0.00117077
0.00184292,0.004367,0.00775225
0.000979473,1.82E-05,0.00944664
0.000140388,0.000813267,2.77E-05
6.19E-05,1.32E-05,0.000948692
0.00188313,0.00609614,0.00671782
0.00127042,6.08E-06,0.00816006
0.000153918,0.00068863,9.26E-05
5.90E-06,5.71E-05,0.00123261
0.00233791,0.005369,0.00880012
0.000247537,0.00010407,0.00771392
0.000158199,0.00090442,0.000199381
4.15E-05,6.54E-05,0.00189658
0.00149348,0.00723798,0.00779638
0.00109406,0.000157627,0.0107054
0.000113568,0.00052815,0.000351709
1.03E-06,9.19E-05,0.00234651
0.00150282,0.00442287,0.00998781
0.000149375,0.000304081,0.0100583
9.54E-05,0.000701621,0.000181206
1.28E-05,0.000109819,0.001932
0.00113273,0.00610624,0.00774373
0.000452103,0.00041511,0.0087988
1.51E-05,0.00014467,0.000326856
5.73E-06,0.000100069,0.00233785
0.0006586,0.00167142,0.00988621
1.54E-06,0.000384137,0.00811245
1.90E-05,0.000204601,0.000598245
4.42E-07,0.000121473,0.00352961
0.000904095,0.00274591,0.0114131
5.37E-05,0.000534947,0.00977241
8.53E-05,0.000357938,0.000897719
5.85E-07,8.76E-05,0.00409337
0.00230565,0.00468066,0.0139082
1.68E-05,0.000377175,0.00893293
5.11E-05,0.000507615,0.000769638
3.97E-05,0.000107893,0.00422673
0.00011859,0.00632753,0.00579798
0.00190053,0.00055405,0.0148464
0.000150086,0.000715073,0.00100477
8.57E-05,2.62E-05,0.00499745
0.00100847,0.00821708,0.00758559
0.00181551,0.000117297,0.0136508
0.000183415,0.000987159,0.00127286
0.000178164,3.31E-05,0.00567209
0.00138012,0.0102785,0.00888188
0.00220887,0.000241885,0.0128278
0.000123454,0.00053758,0.00163985
0.000104426,7.80E-06,0.0064823
0.00127976,0.00586811,0.0109834
0.000777218,0.000108974,0.0116076
0.00013742,0.000738408,0.00117277
0.000154165,1.18E-05,0.00516701
0.00173815,0.00758037,0.00995211
0.000679185,0.000246804,0.00755934
0.000130168,0.000379488,0.00154743
0.000179661,2.30E-05,0.00574213
0.00215575,0.00425969,0.0120886
0.000366605,7.84E-06,0.00656189
0.000151803,0.000524949,0.00153299
0.000280913,2.28E-05,0.00558586
0.00159827,0.00568682,0.00938926
0.000986635,9.30E-06,0.00715405
9.27E-05,0.000281603,0.00194266
0.000156038,1.85E-05,0.00616152
0.00134662,0.00346818,0.0113893
0.000111884,9.06E-05,0.00610705
7.04E-05,0.000395913,0.00112366
0.000240018,1.34E-05,0.00413982
0.000119609,0.00471533,0.00400237
0.00133237,0.000250027,0.00700678
1.38E-06,0.000102774,0.00135303
5.44E-05,3.92E-06,0.00463605
2.22E-06,0.00185746,0.00530225
2.35E-05,0.00119755,0.00589792
8.03E-06,0.000155842,0.00134005
4.25E-05,1.49E-05,0.00384544
0.000443131,0.00275808,0.00782091
0.000174064,0.00170342,0.00218709
1.99E-05,9.23E-06,0.00168936
9.69E-06,7.31E-07,0.00408588
0.000102488,0.0001819,0.00949766
0.000841658,0.000893964,0.00156448
2.02E-05,4.52E-06,0.00141633
1.01E-05,6.70E-07,0.00354034
0.000195838,0.000509668,0.0081215
0.000795378,0.001371,0.00100041
5.00E-07,6.48E-06,0.00178078
5.86E-06,2.89E-06,0.00367946
0.000877825,0.00160945,0.00973734
0.00106551,0.00170774,0.000578552
2.39E-06,2.26E-05,0.00194436
3.77E-05,1.56E-05,0.00456123
0.000168256,0.00236524,0.00658028
2.87E-05,0.00238334,0.00238373
1.04E-05,6.24E-05,0.00232104
9.22E-05,7.14E-06,0.00483229
0.00102868,0.00339647,0.00796309
9.24E-06,0.00103743,0.00166386
4.80E-05,0.000120475,0.00333723
0.000104042,7.34E-07,0.00492519
0.00139475,0.00438744,0.00903842
2.30E-08,0.00160941,0.00170095
1.29E-05,3.37E-05,0.00390428
3.75E-05,1.08E-07,0.00515004
0.000968975,0.00262368,0.010535
0.000340356,0.00191438,0.00108118
1.63E-05,7.27E-05,0.00399133
8.66E-05,4.25E-06,0.00566699
0.000546912,0.00344596,0.00809555
1.74E-06,0.00270018,0.00198435
4.09E-05,9.18E-05,0.004571
0.000111707,9.16E-06,0.00592976
0.00114389,0.00367123,0.00941942
3.63E-05,0.00156584,0.00128517
6.23E-05,0.000162411,0.00303964
9.24E-05,6.82E-07,0.00332854
0.00106997,0.00455856,0.00543077
5.53E-05,0.00231417,0.000212289
2.48E-05,1.91E-05,0.00345432
0.000113683,8.83E-05,0.0033624
0.000875206,0.0018458,0.00644941
0.000203284,0.000745825,3.24E-05
2.50E-05,4.44E-05,0.00179217
0.000100514,6.05E-05,0.00153482
0.000430268,0.00244258,0.0021282
7.73E-05,0.00130782,1.21E-05
7.93E-07,4.88E-06,0.00199239
2.92E-05,1.32E-05,0.0014926
0.000167341,0.00137336,0.00273648
0.000793618,0.00256176,0.000157289
2.23E-07,1.76E-05,0.00261869
0.000109209,7.44E-07,0.00319234
1.17E-05,0.00184893,0.00257836
3.66E-05,0.00355478,0.000334908
1.03E-06,1.63E-05,0.00287979
5.82E-05,1.16E-06,0.00324654
3.76E-05,0.00178411,0.00318053
0.000417524,0.00427353,8.00E-05
1.43E-08,3.91E-05,0.00303356
6.06E-05,2.09E-05,0.00327557
0.000203651,0.00226706,0.0037944
0.000718112,0.00555481,5.69E-06
5.77E-06,8.90E-06,0.00337358
5.71E-06,5.63E-05,0.00321206
9.56E-05,0.0014112,0.0044397
0.00205847,0.00657835,0.000140456
1.36E-05,2.47E-05,0.00100525
5.15E-07,0.000138195,0.000831522
1.75E-06,0.00179836,0.000636149
0.00202137,0.00816802,0.00133904
3.04E-07,8.14E-05,0.00108683
9.48E-06,0.000188311,0.000711349
0.000244167,0.00268427,0.000889835
0.00278856,0.00855344,0.00212398
4.49E-07,0.000136397,0.00090654
2.17E-06,0.000343265,0.000840083
2.47E-05,0.00314173,0.000355017
0.00131284,0.0103727,0.00104048
3.16E-07,0.000105177,0.000963786
1.76E-05,0.00030501,0.000730821
0.000118215,0.0023772,0.00052537
0.00220597,0.00895086,0.00175357
1.30E-06,0.000162389,0.00028877
1.88E-05,0.000500241,0.000278383
3.98E-06,0.00275203,1.30E-05
0.00115979,0.0108283,0.00154838
5.25E-06,2.88E-05,0.000283644
1.74E-05,0.000188199,0.000207989
2.14E-08,0.000870159,2.99E-11
0.00158285,0.00587997,0.00240293
1.20E-05,4.76E-05,0.000155426
1.50E-05,0.000314759,0.000145512
7.95E-05,0.00107076,0.000153741
0.000826785,0.00743921,0.00144382
5.46E-05,6.97E-06,0.000141114
1.89E-05,0.00010662,9.77E-05
0.000191605,3.79E-05,8.66E-05
0.00138136,0.00416063,0.00227649
7.78E-05,5.11E-06,0.000313323
2.77E-06,0.000189178,0.000346688
0.000605451,7.95E-05,0.000147705
0.000220188,0.00549641,0.000299206
7.72E-05,2.52E-05,0.000292244
1.06E-07,5.36E-05,0.000304483
0.000327878,7.83E-06,9.21E-05
0.000381574,0.00319983,0.00073368
8.36E-05,2.32E-05,0.000259944
9.32E-07,0.000107346,0.000207999
0.000384333,2.55E-05,0.000200635
0.000364709,0.00438489,0.000647725
1.21E-05,1.96E-06,0.00023743
2.00E-07,9.52E-05,0.000165387
6.55E-07,0.000508935,0.00014698
0.000546644,0.00422365,0.00123802
3.44E-05,6.54E-06,2.14E-05
7.49E-07,0.000174473,1.32E-06
0.000151217,0.000586884,0.00179939
0.00033177,0.00556103,0.00140539
3.63E-05,2.08E-08,4.47E-05
4.10E-06,0.000125036,9.34E-07
9.60E-05,0.000257604,0.00166452
0.000773574,0.00468582,0.00222091
4.10E-05,9.38E-07,1.84E-07
1.96E-06,0.000219084,8.08E-06
0.000250717,0.000297057,0.00134036
0.000298552,0.0060766,0.000968064
2.75E-05,5.30E-06,4.99E-06
5.07E-06,8.20E-06,1.08E-06
6.46E-05,5.29E-05,0.00126058
0.00028258,0.00204707,0.00165517
4.22E-05,3.69E-06,2.46E-07
1.97E-05,2.86E-05,5.23E-05
0.000213586,6.40E-05,0.00134659
5.51E-05,0.00299377,0.000595852
7.65E-06,1.48E-06,5.37E-06
2.81E-05,7.71E-06,3.31E-05
6.10E-06,0.00024519,0.00130091
0.000162069,0.00245716,0.00114813
2.44E-05,3.98E-06,6.52E-05
6.98E-05,3.00E-05,0.00010785
0.000150527,0.00025256,0.00213643
3.11E-06,0.0034689,0.00041367
4.20E-07,1.77E-05,0.000107277
0.000115139,1.83E-06,8.29E-05
1.23E-06,0.000386722,0.00211821
1.94E-05,0.00175314,0.000880997
8.97E-06,2.67E-05,0.000947451
9.37E-05,9.46E-07,5.09E-08
2.86E-05,0.000377875,0.00484689
0.000241114,0.00260774,0.00192205
5.58E-05,5.09E-07,0.00116792
1.89E-05,3.46E-05,6.97E-06
0.000322053,1.17E-06,0.00487072
0.00117944,0.00432465,0.00280304
7.69E-05,4.62E-07,0.000941223
1.50E-05,8.78E-05,3.58E-06
0.000647371,2.34E-07,0.00447011
0.000684976,0.00558097,0.0016583
3.17E-06,2.21E-05,0.00115244
2.32E-05,3.50E-05,1.71E-05
1.98E-05,0.000191164,0.00455035
0.000792068,0.00411243,0.00246446
5.63E-06,2.85E-05,0.00108932
8.81E-06,8.68E-05,3.27E-05
4.64E-05,0.000163532,0.00403323
0.00133699,0.00531092,0.00309978
1.56E-05,8.84E-05,0.00130396
1.25E-05,2.54E-05,7.56E-05
9.77E-05,0.000428599,0.0041615
0.00148439,0.00362382,0.00413971
2.25E-05,0.00010737,0.000454628
1.17E-05,6.80E-05,1.60E-05
1.04E-05,0.000371115,0.00237017
0.000702464,0.00472475,0.00199674
2.39E-06,1.67E-06,0.000563267
3.13E-07,3.36E-05,4.14E-05
0.000225209,7.26E-05,0.00251001
0.00153216,0.0037428,0.0028251
2.31E-07,6.63E-07,6.71E-06
5.50E-06,8.17E-05,3.92E-05
0.000253528,0.000104662,0.000376858
0.000642671,0.00482682,0.000890516
1.74E-05,2.78E-05,2.43E-06
1.18E-05,1.93E-07,2.07E-05
0.0005787,0.000708311,0.000451892
0.000859974,0.00185837,0.0014519
2.94E-05,4.41E-05,8.58E-06
1.65E-05,3.67E-06,4.60E-05
0.000894921,0.000817976,0.000629439
0.000416413,0.00262178,0.000588168
2.35E-05,3.56E-05,2.58E-06
2.15E-05,2.67E-06,2.87E-05
0.000676316,0.000629656,0.000741743
0.000602097,0.00181368,0.0010412
2.61E-05,5.28E-05,0.000111417
2.40E-05,4.78E-07,5.69E-05
0.000953334,0.000750113,0.000508015
0.000143303,0.00254161,0.000210668
0.000147922,0.000189105,8.71E-05
7.29E-06,1.03E-06,4.37E-05
0.00228227,0.00186192,0.000624211
0.000552371,0.00268524,0.000496486
0.000214961,0.000254026,1.88E-05
8.12E-06,1.43E-05,4.77E-05
0.00269682,0.00208599,0.00113882
0.000493036,0.00352123,0.000423996
0.000251244,0.000270581,6.56E-06
4.85E-06,6.30E-06,3.22E-05
0.00256408,0.00189986,0.00132677
0.000793414,0.00303684,0.000787105
0.000313547,0.000348082,8.11E-06
1.89E-06,2.95E-05,2.64E-05
0.00283479,0.00214933,0.00146154
0.000755378,0.00388494,0.000721822
0.000293446,0.000298938,7.24E-07
3.90E-07,2.15E-05,1.30E-05
0.00224553,0.00155906,0.00169203
0.00106113,0.00344562,0.00115728
0.000332782,0.000372361,2.47E-05
4.61E-07,5.97E-05,5.26E-06
0.00247892,0.00180581,0.00153492
0.000784587,0.00430521,0.000837927
0.000392026,0.000405466,8.52E-06
4.22E-06,5.48E-05,4.55E-07
0.00253103,0.0017759,0.00178855
0.00118021,0.00390774,0.00128109
0.000546227,0.00049609,6.93E-05
1.61E-07,0.000113718,3.38E-06
0.0035845,0.00205592,0.00363751
0.000277143,0.00477667,0.000364549
0.000250531,0.000194573,0.000129941
5.57E-08,7.94E-05,5.20E-07
0.0012303,0.000428483,0.00403895
0.000349164,0.00378529,0.000658407
0.000260712,0.000226142,5.00E-07
3.10E-06,0.000146717,3.87E-05
0.00130586,0.000582273,0.0024626
0.000111576,0.00459991,0.00025608
0.000195571,0.000144045,1.07E-05
8.68E-08,0.000183444,2.76E-05
0.000869861,0.00026668,0.00281467
0.000355106,0.00469256,0.000495876
0.000168581,0.00016595,8.51E-05
3.94E-06,0.00029148,1.88E-05
0.000709001,0.000396712,0.00137116
0.000630508,0.00554626,0.000905041
4.88E-05,4.28E-05,5.26E-05
2.04E-06,0.00012742,7.19E-06
0.000106779,1.67E-05,0.00165036
0.000701341,0.00302817,0.00129617
8.29E-05,4.66E-05,4.78E-05
9.32E-07,0.000200029,1.54E-07
0.000441095,6.13E-05,0.00395781
0.000187883,0.00368775,0.000586895
3.12E-05,1.03E-05,0.000102726
5.20E-06,0.000184602,9.12E-07
0.000160795,7.22E-07,0.0044284
0.000388198,0.00319945,0.000891056
2.45E-05,1.12E-05,3.47E-06
8.56E-06,0.000272415,2.11E-08
0.00016647,2.20E-05,0.00299051
0.000547877,0.00383782,0.00109109
7.35E-06,2.01E-05,2.20E-05
1.16E-05,0.000189311,3.69E-06
3.09E-05,0.0001664,0.00341355
0.000690438,0.00266204,0.0014689
2.19E-06,2.51E-05,0.000136861
5.62E-06,0.000269667,1.14E-05
4.82E-05,8.01E-05,0.00512408
8.74E-09,0.00321369,0.000119949
2.50E-05,7.15E-06,0.000235422
1.42E-05,0.000193441,1.63E-05
0.000733689,0.000258912,0.00567595
6.41E-05,0.00224347,0.000255996
1.58E-05,1.28E-05,6.72E-12
2.55E-05,0.000267399,1.33E-05
0.000558614,0.000400403,0.002808
0.000368264,0.00272167,0.000691778
5.47E-05,5.51E-05,7.54E-06
2.95E-05,0.000131095,2.56E-05
0.00109562,0.000971757,0.00322977
0.000522695,0.00136058,0.000961689
9.90E-05,8.21E-05,0.000127243
2.30E-05,0.000178759,3.20E-05
0.00171685,0.00123052,0.00493822
4.67E-05,0.00171573,0.00016799
5.92E-05,3.36E-05,0.00022088
8.00E-05,0.000468492,4.09E-05
0.00118411,0.000653507,0.00548844
0.000316792,0.00383631,0.000303143
5.72E-05,5.13E-05,5.62E-06
4.19E-05,0.000614177,3.49E-06
0.0012161,0.000869472,0.00313095
6.95E-06,0.004372,1.16E-06
3.90E-05,3.28E-05,2.77E-05
3.45E-05,0.000338941,3.64E-06
0.000917018,0.000651894,0.00357557
1.70E-07,0.00199116,9.74E-06
5.06E-05,5.03E-05,1.73E-05
5.48E-05,0.000427925,1.47E-05
0.000975455,0.000866596,0.0032886
0.000296297,0.00235876,0.000449384
2.52E-05,2.11E-05,5.05E-05
7.92E-05,0.000365729,2.47E-05
0.000636562,0.000513832,0.00374026
0.000482712,0.00174541,0.000628168
5.91E-05,3.39E-05,0.000278437
7.12E-05,0.000451565,1.17E-05
0.00104774,0.000704585,0.0053547
0.000527085,0.00206626,0.000669946
3.39E-05,2.35E-05,0.000416079
3.84E-05,9.15E-05,2.29E-05
0.000679789,0.000580827,0.0059141
0.000407529,0.000149055,0.000868286
4.76E-05,3.76E-05,0.000310637
5.71E-05,0.000104703,3.97E-05
0.000846721,0.000779407,0.00508159
0.000570499,0.000246304,0.000881199
8.60E-05,7.56E-05,0.000451074
0.000100281,0.000171821,6.15E-05
0.00124722,0.00119282,0.00561818
0.000864913,0.000595586,0.00108893
9.38E-05,0.000110167,0.000160597
6.06E-05,0.000206487,1.68E-05
0.00128945,0.00146362,0.00358392
3.28E-05,0.000762022,6.75E-05
9.56E-05,0.000107407,0.000247329
4.29E-05,7.69E-05,2.09E-05
0.0011969,0.00132257,0.00403009
3.62E-05,0.000149294,0.000128427
0.000145786,0.000150061,0.00037794
5.46E-05,8.88E-05,3.84E-05
0.00157403,0.00159956,0.0046165
8.59E-05,0.000231113,0.000147044
0.000251598,0.000261841,0.000523462
4.14E-05,2.93E-05,4.70E-05
0.00227981,0.0023505,0.00510476
8.93E-05,2.90E-05,0.000224735
0.000281731,0.000348037,0.000254758
7.20E-05,3.28E-05,9.67E-05
0.0022253,0.00270168,0.00359806
0.0003742,6.64E-05,0.000540048
0.000123352,0.000140198,0.000361314
8.06E-05,4.23E-05,0.00012171
0.0008259,0.000932512,0.00401902
0.000461397,0.000135687,0.000668106
0.000120758,0.000180282,0.000131332
4.74E-05,5.09E-05,5.48E-05
0.000762845,0.00115314,0.00239628
4.41E-06,0.000200887,2.15E-05
0.000157528,0.000201058,0.000195002
3.92E-05,3.10E-05,5.89E-05
0.000975613,0.00120267,0.00273177
9.91E-06,0.00011031,4.99E-05
0.000203455,0.000254845,0.000292645
1.30E-05,3.76E-05,1.75E-05
0.00118307,0.00144103,0.00296312
0.000308066,0.000164263,0.000268812
6.36E-06,6.99E-06,0.000394748
3.88E-06,7.73E-06,1.16E-05
8.90E-07,1.05E-06,0.00331787
0.000245003,1.97E-05,0.000199452
5.29E-06,7.68E-06,0.000219712
1.17E-07,9.26E-06,3.49E-06
9.31E-06,1.80E-05,0.00224014
0.00055413,4.30E-05,0.000566718
2.04E-05,2.49E-05,0.000296919
4.30E-07,4.39E-06,5.21E-07
0.000134695,0.000155079,0.00253676
0.000456479,2.63E-05,0.000471525
2.89E-05,3.22E-05,0.000251958
4.98E-08,5.71E-06,2.20E-06
0.000242956,0.000239983,0.00232294
8.14E-05,4.98E-05,0.000107017
3.14E-05,4.00E-05,0.000335581
7.29E-07,1.95E-05,1.01E-06
0.000182465,0.000234834,0.00260858
1.09E-05,0.000174606,7.18E-05
1.88E-05,4.90E-05,0.00041479
6.29E-07,2.61E-05,7.97E-08
2.74E-05,0.000153401,0.00285884
1.80E-05,0.000223306,5.52E-06
2.29E-05,4.36E-05,0.000531806
6.31E-07,1.05E-05,1.31E-07
9.97E-06,5.04E-05,0.00315482
3.01E-05,9.26E-05,4.53E-07
9.42E-06,4.72E-05,0.000538307
3.88E-06,1.40E-05,3.42E-06
2.02E-05,1.89E-05,0.00294279
5.38E-05,0.000125141,2.66E-11
4.67E-05,9.22E-05,0.000672075
1.26E-05,3.75E-05,3.53E-06
1.53E-05,7.29E-05,0.003223
0.000131172,0.000302481,2.28E-06
1.95E-05,9.89E-05,0.000733519
1.11E-05,4.91E-05,9.34E-07
2.88E-05,3.56E-05,0.0030608
5.78E-05,0.000352632,1.10E-05
3.22E-06,1.70E-06,0.000890869
5.66E-06,1.24E-05,6.86E-07
0.000568358,0.000391649,0.00332525
3.20E-05,7.10E-05,3.85E-06
3.54E-06,6.40E-08,0.00035234
7.90E-06,1.57E-05,2.33E-06
0.000561616,0.000489102,0.00144395
0.000183652,9.37E-05,8.32E-05
3.98E-05,2.94E-05,0.000427831
1.23E-05,2.13E-05,4.01E-06
0.00120005,0.00131034,0.00161526
0.000199092,0.000126302,0.000106153
3.94E-05,5.28E-05,0.000175309
5.68E-06,2.69E-05,4.23E-06
0.000865057,0.0014667,0.00050668
1.27E-05,0.000152335,1.98E-05
4.95E-05,5.67E-05,0.000207023
1.26E-06,1.93E-06,3.44E-06
0.000866442,0.00128627,0.000602256
1.87E-05,3.03E-06,1.14E-05
6.06E-05,8.75E-05,0.000143733
1.09E-06,2.24E-06,1.09E-06
0.000769288,0.00142646,0.000309166
0.000250448,7.46E-06,0.000220941
2.83E-05,4.41E-05,0.000166118
1.57E-06,4.81E-05,3.11E-06
0.000351281,0.000751088,0.000377403
6.69E-05,0.000308206,0.00019332
2.31E-05,6.47E-05,4.16E-05
3.44E-06,6.11E-05,7.19E-07
0.000279444,0.000848446,8.59E-05
8.94E-06,0.000337958,1.43E-05
2.15E-06,1.23E-05,4.82E-05
1.48E-05,9.83E-05,4.55E-07
4.44E-05,0.000222847,0.000119436
8.91E-06,0.000495436,8.85E-06
1.37E-05,1.84E-05,0.000136858
5.99E-06,0.000121441,1.20E-06
0.000130843,0.000271359,0.00030308
8.10E-05,0.000526981,0.000211531
5.46E-06,1.87E-06,0.000158265
1.24E-06,1.68E-07,3.25E-06
6.07E-05,6.40E-05,0.000355168
0.000180887,8.94E-05,0.000191165
2.07E-06,3.24E-06,2.96E-05
8.75E-08,7.52E-07,4.71E-06
4.51E-05,8.75E-05,4.70E-05
9.08E-06,7.75E-05,2.40E-06
1.26E-06,1.33E-06,3.37E-05
2.67E-09,2.12E-06,4.42E-06
3.74E-05,5.77E-05,6.57E-05
6.64E-06,7.46E-05,9.40E-07
2.00E-05,2.43E-06,0.000163783
2.17E-06,3.50E-06,1.23E-06
0.000226882,7.64E-05,0.000398001
6.61E-05,6.56E-05,0.000115551
7.60E-10,7.20E-06,0.000190265
9.12E-09,3.77E-07,2.66E-06
2.29E-06,6.71E-06,0.000439497
3.56E-06,2.06E-09,0.000105199
7.11E-06,7.74E-06,6.98E-06
6.42E-06,3.84E-07,3.12E-05
3.67E-05,2.67E-06,4.74E-06
1.17E-05,1.40E-07,3.40E-06
5.40E-07,4.55E-08,6.50E-06
3.88E-06,4.50E-07,3.22E-05
9.29E-07,3.74E-05,1.77E-06
1.98E-06,6.60E-07,4.89E-06
1.81E-05,1.23E-08,0.000155717
4.35E-06,5.14E-07,1.60E-05
0.000334758,4.68E-05,0.000478071
5.64E-05,1.28E-06,1.44E-05
3.02E-05,5.94E-06,0.000183886
2.39E-06,3.07E-07,1.76E-05
0.000398149,0.000159667,0.000504158
3.41E-05,4.41E-06,1.65E-05
1.25E-05,9.46E-06,3.95E-05
5.35E-06,4.26E-07,5.56E-05
6.63E-05,0.000172599,1.44E-06
2.14E-07,3.50E-06,5.04E-06
8.07E-07,2.42E-06,4.03E-05
3.40E-05,3.96E-05,5.72E-05
2.88E-05,1.50E-07,2.63E-06
8.93E-05,0.000282613,5.84E-06
1.52E-05,2.45E-06,4.74E-06
6.53E-05,5.07E-05,0.000129039
9.21E-05,4.87E-09,0.00010963
0.000465367,0.000285925,0.000433705
3.45E-05,2.58E-05,7.24E-06
8.26E-05,5.64E-05,0.000153209
0.000180069,8.30E-05,0.000104824
0.000501734,0.000249411,0.000435567
8.79E-06,3.05E-05,1.43E-05
6.66E-05,6.86E-05,9.56E-05
3.63E-05,8.07E-05,5.02E-08
0.000112413,0.000249714,2.45E-05
5.21E-06,2.43E-05,1.43E-05
3.23E-05,7.48E-06,0.000100083
6.48E-06,3.93E-05,5.06E-08
1.47E-05,7.30E-07,2.44E-05
8.61E-07,2.74E-05,1.92E-05
2.85E-05,7.22E-06,6.71E-05
3.15E-05,4.04E-05,3.50E-05
6.64E-05,8.13E-07,5.94E-05
2.53E-07,6.68E-06,2.17E-05
1.54E-05,4.29E-07,7.32E-05
8.09E-05,1.54E-06,3.25E-05
1.15E-05,3.84E-05,5.77E-05
5.74E-07,6.38E-06,3.09E-06
1.49E-05,1.16E-07,7.36E-05
1.56E-09,8.60E-07,3.35E-05
2.66E-06,4.00E-05,9.92E-06
4.20E-06,2.49E-06,2.12E-06
4.51E-07,1.07E-05,7.59E-05
6.21E-05,0.000125544,3.83E-05
0.000119001,0.000229365,8.76E-06
9.64E-06,4.50E-06,1.13E-05
8.51E-10,1.62E-05,3.36E-05
0.000214432,0.000113813,3.11E-05
3.34E-05,0.000235412,1.58E-05
4.86E-05,6.45E-05,1.31E-05
6.58E-06,3.25E-05,3.57E-05
0.000512819,0.000586507,2.45E-05
0.00019997,0.000323754,1.36E-05
3.73E-05,8.47E-05,1.93E-05
4.02E-06,4.35E-05,3.43E-05
0.000110159,0.000550135,4.04E-07
0.000230083,0.000334057,3.48E-06
1.72E-05,2.40E-05,1.94E-05
1.27E-07,5.38E-06,3.30E-05
9.12E-06,6.89E-05,3.28E-08
5.29E-05,2.48E-05,4.96E-06
1.38E-05,2.79E-05,2.18E-05
1.09E-05,6.61E-06,0.000113882
2.06E-05,5.44E-05,2.11E-05
4.89E-05,2.90E-05,0.000123377
1.42E-05,2.00E-05,2.37E-05
1.13E-05,5.22E-07,0.000125347
1.08E-05,1.12E-05,1.28E-05
3.55E-05,6.19E-08,0.000112936
2.95E-05,2.12E-05,6.61E-05
5.17E-06,5.54E-07,4.90E-05
9.77E-05,5.01E-06,0.000192105
8.23E-06,5.71E-07,5.84E-07
3.32E-05,1.37E-05,7.70E-05
7.54E-08,1.74E-05,4.91E-05
8.35E-05,2.41E-06,0.000159529
2.33E-05,0.000104275,4.29E-08
2.80E-05,1.28E-05,7.06E-05
3.40E-07,2.20E-05,2.22E-05
7.30E-06,8.10E-06,4.38E-05
4.09E-05,0.000116595,3.59E-05
3.81E-05,3.03E-05,7.54E-05
7.17E-06,3.74E-05,1.92E-05
1.11E-05,1.76E-06,2.72E-05
0.000162944,0.000189322,4.40E-05
4.23E-05,3.05E-05,7.20E-05
2.15E-06,4.64E-05,1.69E-05
0.00018101,2.45E-08,0.000281848
1.61E-05,0.000208561,2.64E-06
6.87E-05,6.98E-05,8.59E-05
2.01E-05,8.76E-05,1.61E-05
0.000209242,3.45E-05,0.000230581
0.000197579,0.000399369,5.68E-06
9.48E-05,7.38E-05,0.00013941
2.63E-05,0.000107303,4.59E-07
0.000328347,1.76E-05,0.000467885
0.000203672,0.000431051,0.000124441
4.68E-05,8.32E-08,0.000164345
1.14E-05,3.36E-05,1.02E-08
8.37E-05,0.000391318,0.000393734
2.36E-05,4.71E-05,0.000144107
3.92E-05,5.57E-07,0.000129008
8.62E-07,3.78E-05,8.74E-06
9.27E-06,0.000465621,9.66E-05
7.94E-06,6.05E-05,8.74E-06
1.08E-05,3.97E-05,0.000138726
1.32E-07,6.50E-06,7.74E-06
2.02E-05,0.0012328,6.23E-05
5.39E-05,3.08E-06,1.55E-05
1.06E-05,6.55E-05,9.51E-05
2.57E-05,6.15E-06,4.51E-05
1.12E-06,0.00137237,1.41E-05
0.000131918,5.01E-07,0.000714095
1.47E-06,9.15E-05,9.73E-05
2.37E-05,6.41E-06,6.49E-05
4.29E-05,0.00144091,2.77E-06
8.31E-05,3.28E-07,0.000771583
1.74E-06,0.000132227,0.000107823
6.77E-05,6.66E-06,0.000144198
0.000245353,0.00160377,0.000194101
0.000371849,3.02E-06,0.00123342
1.80E-06,0.000158964,9.24E-05
5.71E-05,7.18E-06,0.0001895
0.000427339,0.00158174,0.0002605
0.000215478,8.64E-06,0.00131664
8.53E-07,0.000214033,9.73E-05
1.06E-05,8.12E-06,2.36E-05
0.000172633,0.00176454,0.000105459
1.56E-06,1.79E-05,0.000117175
1.36E-07,3.96E-05,8.59E-05
8.41E-07,8.12E-06,2.94E-05
9.89E-05,0.000281705,0.000159523
0.000103672,0.000100567,0.000148018
2.23E-07,5.16E-05,5.18E-05
1.32E-06,1.10E-05,1.49E-05
6.72E-06,0.000368757,1.30E-06
3.12E-05,7.36E-05,0.000104445
2.82E-07,4.05E-05,4.99E-05
4.22E-06,4.48E-06,1.93E-05
1.21E-05,0.000284824,1.34E-05
4.05E-05,6.78E-05,0.000136906
5.54E-06,5.28E-05,8.07E-06
2.73E-05,6.54E-06,8.70E-05
0.000114414,0.000377455,0.000191206
0.000266702,9.59E-05,0.000529491
1.40E-06,6.85E-06,4.32E-06
1.11E-05,6.47E-07,0.000110196
7.40E-05,5.06E-05,0.000270514
9.54E-05,2.96E-05,0.000605826
7.48E-09,9.22E-06,7.48E-06
2.25E-05,1.24E-06,0.00011163
3.52E-05,9.61E-05,7.14E-08
0.000350487,5.11E-05,0.000851406
8.80E-07,1.85E-05,6.99E-06
4.43E-05,1.79E-05,0.000145039
3.46E-07,0.000207931,9.17E-06
0.000543715,0.000259432,0.000956195
2.74E-07,2.59E-05,3.68E-05
2.27E-05,2.57E-05,4.55E-05
2.33E-06,0.000296201,2.74E-06
0.000210103,0.000322266,0.000229058
3.01E-06,9.30E-07,3.48E-05
1.32E-05,1.28E-05,5.67E-05
4.14E-07,4.58E-05,2.04E-05
0.000117741,0.0001819,0.000291084
9.81E-06,1.90E-06,6.94E-05
1.06E-05,1.84E-05,3.15E-05
5.09E-06,9.35E-05,2.27E-07
0.000116947,0.000240187,0.000191224
8.10E-08,2.41E-05,6.83E-05
5.29E-05,6.98E-05,4.02E-05
6.96E-05,0.000418225,6.19E-06
0.000532096,0.000683111,0.000253504
1.26E-07,3.60E-05,4.74E-05
6.20E-05,9.40E-05,5.26E-05
0.000201639,0.000548523,0.000105873
0.000494543,0.000800506,0.000284058
2.01E-06,4.87E-05,3.94E-05
3.51E-05,2.95E-05,6.62E-05
0.000254481,0.000662206,0.000177339
0.000258921,0.000240537,0.000365319
2.08E-06,6.94E-05,3.77E-05
8.19E-05,3.90E-05,0.000189831
0.00028917,0.000827756,0.00033753
0.000636942,0.000318933,0.000958841
2.32E-07,4.29E-05,2.64E-05
9.34E-06,2.60E-06,0.000235812
0.000145233,0.000537825,0.000460332
5.76E-05,8.07E-06,0.00111405
5.52E-07,6.05E-05,1.87E-05
1.21E-05,2.86E-06,0.000179314
9.09E-05,0.000691484,0.000341663
0.000157462,7.78E-08,0.000934194
4.76E-07,1.56E-05,1.10E-05
2.70E-05,7.32E-06,0.000223634
0.000144931,0.000247122,0.000467581
0.000315363,0.000190598,0.00109963
1.12E-06,2.31E-05,9.43E-06
4.44E-05,1.19E-05,0.000241757
0.000207346,0.000356726,0.000516381
0.000484733,0.00027304,0.00113564
7.56E-07,1.37E-06,3.41E-06
8.48E-05,7.26E-05,0.000298247
0.000266841,9.63E-05,0.000670733
0.000791254,0.000920237,0.00133068
4.98E-06,3.04E-06,1.92E-06
9.04E-05,0.000101803,0.000245452
0.000803074,0.000169703,0.00116894
0.000526171,0.00110333,0.000756611
1.82E-05,1.80E-05,1.67E-07
0.000112133,0.000117193,0.00029186
0.00106182,0.000436395,0.00139669
0.000665922,0.00113057,0.000929614
2.84E-05,2.88E-05,2.64E-07
7.57E-05,0.000157718,9.07E-05
0.00128389,0.00058096,0.00118478
0.000334847,0.00134652,0.00022669
1.66E-05,6.33E-07,1.67E-06
7.67E-05,0.000170031,0.000106825
0.00102537,0.000142356,0.00141489
0.000326505,0.00130789,0.000333339
2.37E-05,2.18E-06,1.98E-06
9.46E-05,0.000222039,0.000118159
0.000986939,0.000229932,0.00118455
0.000498389,0.0015548,0.00052187
3.38E-05,1.29E-05,1.03E-05
8.71E-05,0.000154195,0.000145752
0.00104378,0.000472917,0.00141436
0.000462662,0.000957162,0.000688208
6.50E-05,2.27E-05,2.55E-05
5.85E-05,0.000196681,3.53E-05
0.00145545,0.000622527,0.00151895
0.000258731,0.00118442,0.00024625
6.29E-05,5.95E-05,5.00E-05
3.66E-06,1.39E-05,4.62E-05
0.00112008,0.00105074,0.00177552
5.99E-06,3.86E-05,0.000372381
6.79E-05,8.84E-05,3.97E-05
7.67E-06,1.69E-05,5.42E-05
0.000893958,0.00126543,0.00143693
9.90E-05,9.88E-05,0.000567162
0.000121337,0.000141152,6.83E-05
2.80E-05,4.08E-05,7.45E-05
0.00133499,0.00162986,0.00168387
0.000362321,0.00033173,0.000762431
7.84E-05,0.000194921,2.90E-07
2.72E-05,5.45E-05,9.82E-06
0.000525249,0.00188972,0.000431447
0.000567275,0.00048942,0.000547667
5.86E-05,9.12E-05,2.75E-06
2.67E-05,5.28E-05,1.93E-05
0.000412507,0.000844548,0.000569935
0.000558907,0.000515098,0.000751113
6.89E-05,0.000122475,6.18E-06
3.15E-05,7.20E-05,1.19E-05
0.00038984,0.00103144,0.000488758
0.000733619,0.000718478,0.000888405
3.43E-05,1.62E-05,1.35E-05
5.12E-05,0.00012751,2.53E-05
0.000240411,0.000149223,0.000631825
0.000910227,0.00119995,0.00115644
3.25E-05,2.22E-05,1.07E-06
4.66E-05,0.000171799,5.08E-07
0.000232184,0.000231568,0.00033608
0.00086488,0.00151599,0.000871772
6.67E-06,2.66E-06,4.12E-06
5.68E-05,0.000188843,5.25E-06
9.07E-05,4.84E-07,0.000452727
0.000910981,0.00157281,0.00115138
1.69E-05,2.51E-06,1.70E-05
6.11E-05,0.000249932,5.19E-06
0.000336124,4.97E-06,0.000715299
0.000824903,0.00194926,0.00118543
5.54E-05,4.68E-05,3.05E-05
6.94E-05,0.000126941,1.69E-05
0.000655292,0.000714954,0.00087434
0.0010098,0.000946446,0.00152345
7.70E-05,6.79E-05,3.73E-05
7.06E-05,0.000166395,2.45E-06
0.000797576,0.000870393,0.000916298
0.00102574,0.00125826,0.00129767
0.000107188,0.000170208,5.90E-05
3.61E-05,4.02E-05,1.21E-05
0.000858295,0.0016653,0.00108662
0.000724253,0.000328208,0.00166642
0.000151811,0.000229106,8.12E-05
3.54E-05,5.41E-05,2.74E-06
0.00144063,0.00188492,0.00175166
0.00059056,0.000530917,0.00116906
0.000144256,0.000206481,0.000124519
9.31E-06,9.20E-06,1.21E-05
0.00114842,0.00145179,0.00197003
0.000328826,0.000178587,0.0015357
0.000130892,0.000266285,7.55E-05
1.71E-05,1.46E-05,3.75E-06
0.000407045,0.00164531,0.000811629
0.000908492,0.000341816,0.00209947
0.000139364,0.000302266,0.000103384
2.77E-06,4.22E-07,1.89E-05
0.000374497,0.00162469,0.000953682
0.000629697,8.46E-05,0.0025997
0.000188131,0.000377773,0.000127438
1.68E-06,3.55E-09,1.33E-06
0.000915874,0.0018143,0.00166426
0.000459166,0.000210596,0.00167803
9.53E-05,9.13E-05,0.000178781
1.65E-07,7.43E-07,1.11E-05
0.000392618,0.000172134,0.0018482
0.00030738,0.000403162,0.00214558
7.43E-05,0.000105179,6.17E-05
4.80E-08,3.99E-06,1.13E-09
0.000174488,0.000232952,0.000845354
0.000566199,0.0006531,0.00208051
7.12E-05,0.000136111,8.75E-05
9.20E-06,1.40E-05,5.99E-06
0.000132674,0.00035709,0.000966793
0.000317575,0.000151583,0.00261483
0.000112179,0.000159965,0.000101813
1.94E-05,8.88E-06,1.22E-05
0.000660056,0.000433763,0.00170601
0.000137421,0.000322889,0.00135846
0.000109193,9.57E-05,0.000148593
1.22E-05,1.91E-06,2.28E-06
0.00060384,0.000150845,0.00185687
0.000299316,0.000633064,0.0018111
8.85E-05,0.000108763,6.71E-05
5.13E-06,4.35E-10,9.60E-06
0.000152817,0.000196059,0.000668452
0.000813878,0.000958271,0.00235911
8.85E-05,8.30E-05,9.06E-05
1.37E-07,2.71E-06,2.73E-07
0.000162899,0.000104293,0.000752841
0.00121939,0.00134306,0.00295986
0.000119799,9.31E-05,0.000143953
1.43E-06,1.31E-05,6.33E-06
0.000465142,0.000136891,0.00128283
0.00135917,0.00181233,0.00328291
4.78E-05,2.42E-05,0.000190697
1.51E-05,4.93E-06,3.05E-05
9.28E-05,9.89E-07,0.00137951
0.000551842,0.000741071,0.00400146
4.26E-05,2.40E-05,0.00013259
3.39E-06,4.98E-07,6.85E-05
0.000133206,6.73E-08,0.00126143
0.000879004,0.00110847,0.00445426
1.82E-05,1.21E-06,0.00017703
1.04E-06,1.85E-05,0.000137974
5.33E-05,0.000210173,0.00133843
0.00141752,0.00228553,0.00530168
3.17E-05,3.21E-06,0.000138768
3.68E-06,4.67E-05,8.92E-05
0.000426307,0.000181927,0.00178385
0.0012197,0.00291231,0.00412492
1.59E-05,1.57E-05,0.000193181
9.43E-06,6.38E-05,0.000163724
0.000247349,0.000277007,0.00185091
0.00146381,0.00310525,0.00495801
2.13E-05,2.27E-05,7.08E-05
1.06E-05,0.000119103,1.96E-05
0.00042615,0.000253095,0.00132068
0.00134559,0.00384088,0.0032655
1.03E-05,5.90E-06,0.000104759
1.63E-07,1.58E-05,5.52E-05
0.000200373,5.13E-05,0.00135814
0.000791893,0.00172113,0.0040244
3.67E-05,7.65E-06,0.000224013
3.71E-08,3.84E-05,6.16E-05
0.000520037,4.53E-05,0.00188474
0.000932091,0.00228911,0.00412307
5.97E-06,3.09E-05,0.000293269
1.33E-05,1.38E-06,0.00012557
0.000132265,0.000167735,0.00190271
0.000459289,0.00117974,0.00498046
7.09E-06,3.83E-05,0.00041669
1.90E-08,9.31E-06,0.000577237
8.46E-05,0.000164166,0.00177625
0.00126531,0.00166343,0.00843729
4.20E-07,4.20E-05,0.000505901
2.50E-07,3.72E-06,0.000825936
1.10E-05,0.000142857,0.00176811
0.00120349,0.00148386,0.00965019
9.20E-07,4.99E-05,0.000276958
3.20E-07,1.61E-05,0.000498633
0.000112299,0.00014702,0.00147689
0.00123585,0.00202529,0.00714156
5.54E-07,3.18E-05,0.000343481
6.19E-06,4.48E-07,0.000711857
1.70E-05,5.09E-05,0.00144594
0.000809447,0.00107938,0.0082702
1.77E-07,3.59E-05,0.000227799
4.15E-06,1.29E-06,0.00039082
0.000160649,5.82E-05,0.00142612
0.000818873,0.00155044,0.00599329
6.04E-06,6.86E-07,0.000287148
3.79E-07,5.25E-06,0.000565032
0.000229023,3.97E-05,0.0013719
0.00146817,0.00187782,0.00703605
1.30E-05,2.78E-07,0.000302203
7.15E-06,2.13E-05,0.000552599
0.0001625,2.98E-05,0.000985222
0.00212903,0.00248516,0.0073067
3.93E-06,2.51E-06,0.000357433
4.58E-06,1.38E-05,0.000778761
4.03E-05,1.03E-06,0.000920884
0.00196514,0.00221254,0.00845176
1.15E-05,2.42E-06,0.000317662
1.16E-05,3.88E-05,0.00049901
5.87E-05,2.22E-08,0.000627851
0.00231847,0.00286655,0.00716823
1.79E-06,4.09E-07,0.000361766
8.98E-06,7.46E-06,0.000712803
1.51E-06,1.92E-05,0.000561362
0.000979801,0.000841796,0.0082994
7.18E-06,6.80E-07,0.000245884
7.15E-06,1.24E-06,0.000335556
9.13E-05,8.29E-06,0.000773537
0.000909334,0.00126106,0.00557521
7.20E-08,1.36E-08,0.000289346
7.43E-05,6.83E-05,0.000492128
1.64E-09,2.37E-06,0.000681805
0.000270172,0.000326486,0.00657333
4.30E-07,5.52E-08,8.18E-05
9.98E-05,5.17E-05,1.84E-05
8.28E-06,1.13E-05,0.000330119
0.000224607,0.000601708,0.00309389
2.28E-05,9.16E-06,9.79E-05
3.12E-06,2.08E-05,5.22E-05
0.00013731,1.43E-05,0.000260752
0.00252313,0.00338547,0.00384346
2.73E-05,9.98E-06,0.000117598
2.64E-05,5.82E-05,0.000183613
0.000113079,2.59E-06,0.000250914
0.00335321,0.00416209,0.00516549
1.77E-05,1.83E-05,0.000133767
4.01E-06,7.62E-06,0.000298607
1.34E-05,4.74E-06,0.000181953
0.00230741,0.00241325,0.00610527
1.67E-05,1.87E-05,3.78E-05
1.34E-05,2.88E-05,0.000111532
4.56E-05,1.03E-07,0.000155507
0.00242524,0.00306597,0.00449045
2.29E-05,4.73E-05,4.49E-05
1.16E-05,1.28E-05,0.000197397
1.70E-05,1.56E-05,9.59E-05
0.00233203,0.00241805,0.0053547
2.41E-05,4.89E-05,1.52E-05
2.98E-05,3.82E-05,0.000133241
6.19E-05,1.25E-06,0.000162198
0.00254222,0.00305834,0.00460047
3.43E-05,5.66E-05,1.98E-05
7.24E-05,7.79E-05,0.000227056
3.83E-05,1.82E-07,9.47E-05
0.00332423,0.00368032,0.00545563
6.80E-05,5.49E-05,1.09E-05
8.17E-05,0.000143952,1.65E-05
0.000431375,1.28E-05,0.00046069
0.00274034,0.00444075,0.00301141
6.23E-05,4.31E-05,1.84E-05
7.58E-05,0.000116972,4.83E-05
0.00020041,7.05E-05,0.000328635
0.00249745,0.00363746,0.00369422
6.90E-05,3.66E-05,8.76E-06
0.000105542,0.000194904,3.95E-06
5.73E-05,0.000140404,9.03E-05
0.00290413,0.0043725,0.00322935
3.05E-05,1.99E-06,1.12E-05
8.57E-05,0.000156114,2.47E-05
8.14E-06,0.000668109,3.45E-05
0.00238477,0.00347713,0.00391347
4.90E-05,7.15E-10,5.58E-05
0.000138325,0.000242304,0.000153583
2.02E-05,0.000875101,0.000183964
0.00271279,0.00417337,0.00509805
6.66E-06,7.10E-06,6.47E-05
4.45E-06,1.93E-05,0.000258662
0.000118926,0.00132524,9.26E-05
0.000599017,0.00102078,0.00591668
1.39E-05,2.10E-05,8.41E-05
1.32E-05,3.75E-05,0.00040843
1.80E-05,0.00163385,0.000516151
0.000667589,0.00140029,0.00608549
1.81E-07,6.34E-05,0.000103854
1.80E-07,3.81E-06,0.000586308
5.68E-05,0.00229541,0.000341385
0.000257952,0.000704831,0.00694047
5.55E-13,0.000109202,5.18E-05
1.32E-08,1.16E-05,0.000310203
0.000161931,0.00272453,4.13E-05
0.000398216,0.00101166,0.00574979
1.32E-07,2.65E-05,5.47E-05
2.91E-07,5.68E-06,0.000462492
0.000231333,0.00126435,3.73E-06
0.000585187,0.000884477,0.00654502
2.63E-08,4.94E-05,1.79E-05
9.81E-07,1.59E-05,0.000195368
0.000161876,0.00161067,1.73E-08
0.000642599,0.00120795,0.00487923
5.53E-07,1.42E-05,1.69E-05
3.27E-05,5.92E-05,0.000308735
0.000206768,0.000942464,2.14E-05
0.00154173,0.00197963,0.00557814
2.08E-06,2.93E-05,3.98E-06
4.00E-05,0.000100528,7.04E-05
3.42E-05,0.00126298,7.51E-07
0.00141411,0.00242391,0.00368212
5.18E-08,5.65E-06,3.66E-06
9.78E-08,1.80E-06,0.000132811
0.000190548,0.00075774,1.71E-05
0.000383877,0.000588206,0.00425955
2.88E-07,1.50E-05,7.83E-06
1.86E-06,7.10E-06,0.000339432
1.55E-05,0.00106346,4.86E-05
0.000517836,0.000826526,0.00509897
1.27E-05,1.92E-05,9.08E-06
1.89E-05,1.79E-05,0.000487313
7.23E-06,0.000131381,2.99E-06
0.00105444,0.0011005,0.00573036
2.17E-05,1.35E-05,1.83E-05
3.14E-05,3.59E-05,0.00040761
1.06E-06,0.00028192,4.72E-05
0.00117081,0.00139671,0.00504051
2.16E-06,6.15E-06,2.01E-05
6.66E-06,1.20E-05,0.000566942
0.000117215,0.00128368,1.99E-06
0.000620583,0.000876741,0.00562457
5.95E-06,1.94E-05,1.74E-05
8.39E-06,2.54E-05,0.000239828
4.13E-05,0.00170807,5.98E-06
0.00062361,0.00112324,0.00395303
3.53E-06,1.00E-05,1.72E-05
1.47E-05,2.84E-05,0.000349709
0.000150883,0.00143569,1.02E-05
0.000764889,0.00111566,0.00443291
1.21E-06,2.70E-05,5.23E-06
2.79E-05,5.02E-05,0.000328581
0.000234449,0.00189863,6.75E-05
0.000940007,0.00136835,0.00423766
1.35E-06,4.09E-05,2.99E-06
6.53E-06,1.47E-05,0.000459694
0.000580034,0.00215127,0.000196648
0.000502489,0.000718865,0.00469037
1.40E-06,7.83E-05,2.89E-05
2.68E-05,2.76E-05,0.00137719
0.000599876,0.00272674,0.000219657
0.000856958,0.000905402,0.00741652
3.95E-06,4.35E-05,2.00E-05
5.27E-05,5.20E-05,0.00171733
0.000860833,0.00202295,0.000431528
0.00115182,0.00116996,0.00794885
5.01E-06,8.07E-05,8.23E-06
7.49E-05,8.07E-05,0.00128799
0.000629345,0.00259685,0.000365035
0.00121641,0.00137974,0.00622808
1.53E-05,5.99E-05,3.09E-06
2.93E-05,2.92E-05,0.00158823
0.00102893,0.002178,0.000634318
0.000591827,0.000649157,0.00666396
1.84E-05,0.00010439,1.57E-06
4.97E-05,4.54E-05,0.00153422
0.000210713,0.0027848,8.29E-05
0.000629901,0.000789329,0.00579909
2.71E-05,6.84E-05,3.46E-06
1.65E-06,6.34E-07,0.00184747
0.000453153,0.00216153,0.000234322
7.91E-05,0.000122836,0.00616741
1.99E-05,0.000115288,5.12E-06
4.38E-06,1.97E-06,0.00166823
4.16E-05,0.00277678,2.44E-06
0.0001043,0.000178979,0.00516773
5.68E-06,7.54E-06,6.24E-06
1.53E-06,5.03E-06,0.00197432
6.89E-05,0.000937354,6.19E-05
6.15E-06,1.61E-05,0.00546596
1.03E-06,1.96E-05,2.34E-06
1.26E-06,3.96E-06,0.00146209
5.57E-07,0.00136293,4.10E-06
1.13E-05,3.57E-05,0.00398423
4.30E-07,1.95E-07,2.51E-06
2.91E-06,6.13E-06,0.0017126
5.76E-06,0.000633762,1.89E-05
1.09E-05,3.12E-05,0.00420341
1.08E-06,9.54E-07,7.61E-07
5.19E-07,4.64E-06,0.00192522
2.47E-06,0.000994727,4.13E-06
4.36E-05,5.18E-05,0.00424681
3.93E-07,3.14E-05,1.28E-06
2.28E-05,1.87E-05,0.00221935
0.000110334,0.00207325,7.14E-05
0.00045981,0.000607121,0.00442673
5.70E-07,6.46E-05,8.48E-06
2.84E-05,3.12E-05,0.0012613
0.000119155,0.00269419,0.000118641
0.000438629,0.000670084,0.0025178
4.28E-06,7.35E-05,1.31E-05
5.09E-05,5.66E-05,0.00144407
0.000339867,0.00275362,0.000299904
0.000571754,0.000818525,0.00262349
2.47E-06,0.000128638,9.40E-06
6.07E-05,8.03E-05,0.000850559
0.000271034,0.00346342,0.000280453
0.000538561,0.000870789,0.00150271
1.10E-06,2.90E-05,1.65E-05
3.12E-05,3.88E-05,0.00096597
0.000405997,0.00171761,0.00053666
0.000230251,0.000367344,0.0015588
1.76E-07,5.79E-05,1.58E-06
5.35E-05,5.17E-05,0.00146901
3.46E-05,0.00228719,6.71E-05
0.000325075,0.000389644,0.00217496
9.23E-08,2.53E-05,3.32E-06
4.74E-05,4.64E-05,0.00164969
0.000135799,0.0016574,0.000213167
0.000223461,0.000273976,0.00220974
2.48E-07,5.21E-05,1.50E-05
7.15E-05,5.83E-05,0.00187355
0.000101468,0.00221487,0.000175822
0.000297352,0.000282108,0.00230757
2.96E-06,5.63E-05,2.19E-05
3.83E-05,3.19E-05,0.00208199
0.000300257,0.00226287,0.000385047
8.12E-05,8.97E-05,0.00231147
1.30E-06,0.000100612,2.68E-05
4.27E-05,3.73E-05,0.00130834
2.85E-05,0.00290108,6.20E-05
7.71E-05,8.83E-05,0.00122833
1.98E-09,1.63E-05,3.27E-05
1.81E-06,9.50E-07,0.00143395
7.10E-05,0.00136158,0.000201096
3.89E-05,3.05E-05,0.00120985
1.50E-07,3.64E-05,3.63E-05
1.80E-06,4.69E-07,0.00110659
2.65E-06,0.00186062,4.13E-05
2.96E-05,3.48E-05,0.000794927
2.81E-08,3.30E-05,4.22E-05
8.14E-06,1.12E-05,0.00119823
6.60E-05,0.00180584,0.000160201
0.000267132,0.000262702,0.000763201
3.93E-07,6.42E-05,5.55E-05
1.05E-05,1.74E-05,0.00100423
9.13E-05,0.00236534,0.00021319
0.000243769,0.000284722,0.000504982
7.81E-06,0.000116084,6.93E-05
3.50E-05,4.39E-05,0.00107244
0.00033374,0.00304946,0.000429484
0.000459204,0.000478799,0.00046694
5.74E-06,0.000186861,4.47E-05
6.63E-05,5.99E-05,0.000146162
0.000365099,0.00375026,0.000457877
0.000638248,0.0005215,1.96E-05
8.57E-06,9.36E-05,6.23E-05
4.87E-05,4.30E-05,0.000139764
0.000594331,0.0023321,0.000750638
0.000394855,0.000315225,3.07E-05
1.11E-05,0.00014941,7.30E-05
3.15E-05,5.58E-05,0.00104637
0.000441083,0.00293711,0.000761043
0.000196188,0.000360935,0.000335727
2.03E-05,0.000105815,0.000101136
9.69E-06,1.80E-05,0.00110119
0.000744625,0.00225304,0.00111879
4.68E-05,8.70E-05,0.000285545
1.74E-05,0.000163552,8.80E-05
7.69E-06,2.26E-05,0.000943017
0.000290691,0.00283368,0.000523154
2.71E-05,0.000117771,0.000181408
2.88E-05,0.000127813,0.000113469
9.48E-08,8.56E-07,0.000979577
0.000559106,0.00227441,0.000817626
4.38E-06,8.39E-07,0.000138931
3.39E-05,0.000190815,0.000108879
5.38E-07,1.04E-06,0.000795235
0.000571211,0.00284136,0.000801268
2.91E-06,7.32E-06,4.13E-05
4.34E-05,0.000133007,0.000143371
5.07E-07,3.37E-06,0.000808534
0.00079638,0.00207124,0.00114668
1.71E-05,3.94E-05,2.03E-05
3.85E-05,0.000193972,0.000137585
9.41E-08,4.85E-06,0.000626911
0.000160637,0.00259712,0.000294423
4.56E-06,6.89E-05,5.57E-06
3.47E-05,0.000115148,0.000161452
2.22E-05,3.59E-05,0.000628404
0.000237499,0.00167367,0.000508825
0.000240804,0.000367808,4.43E-08
4.20E-05,0.000166196,0.000182201
2.93E-05,4.91E-05,0.000327085
0.00015418,0.00213358,0.000316264
0.000263851,0.000458443,6.25E-05
4.92E-05,0.000118261,0.000210224
1.40E-05,2.14E-05,0.000309957
0.000314792,0.00157627,0.000528979
0.000141143,0.000211554,0.000105288
4.28E-05,0.000168236,0.000189916
1.01E-05,2.94E-05,0.000507747
0.000133192,0.00200679,0.000287224
9.36E-05,0.000288696,1.60E-05
9.34E-05,0.000297199,0.000217106
9.88E-08,4.98E-06,0.000494543
0.000471166,0.00300836,0.000482822
9.48E-06,7.67E-05,4.30E-05
8.85E-05,0.00040318,0.000198669
1.53E-07,7.49E-06,0.000559431
0.000251222,0.0035677,0.000308107
3.37E-06,0.000130012,2.71E-05
6.32E-05,0.000151492,0.000227199
1.21E-06,7.12E-06,0.000542494
0.000258549,0.0012941,0.000500801
6.81E-05,0.000150526,6.30E-05
4.41E-05,0.000201818,0.000119218
7.62E-07,1.12E-05,0.00046476
0.000212306,0.00165448,0.000349651
7.94E-05,0.000227444,0.000134379
6.66E-05,0.000198368,0.000142863
1.16E-07,4.39E-06,0.000435848
0.000428338,0.00154856,0.000543702
8.06E-05,0.000155965,0.000209821
5.03E-05,0.000260601,8.22E-05
2.71E-08,7.81E-06,0.000329772
0.000174895,0.00192203,0.000214446
7.29E-05,0.000238885,0.000292179
3.93E-05,0.000110429,9.79E-05
3.44E-06,1.02E-05,0.000295982
0.000208481,0.000751204,0.000363143
0.000220356,0.000300198,0.000405055
2.43E-05,0.000143276,6.73E-05
2.34E-06,1.72E-05,0.0003186
1.41E-06,0.00100479,2.22E-05
0.000139678,0.000417186,0.000257218
1.38E-05,3.78E-05,7.28E-05
2.55E-07,2.67E-06,0.000287096
1.11E-05,0.00026162,7.96E-05
0.000114856,0.000198436,0.000368655
1.03E-05,4.97E-05,0.000104054
3.40E-07,5.86E-06,0.000689896
1.49E-05,0.000410553,8.13E-06
4.68E-05,0.000299597,3.83E-05
9.92E-06,2.98E-05,0.000108739
4.36E-06,5.57E-08,0.000667705
5.63E-07,0.000294322,4.68E-05
2.58E-05,0.000123271,8.97E-05
1.40E-05,4.10E-05,7.48E-05
1.32E-06,1.65E-07,0.000269066
0.000132741,0.000442018,0.000166485
0.000135276,0.000208225,0.000617728
2.39E-05,4.36E-05,8.78E-05
6.74E-06,2.87E-06,0.000226635
0.000282082,0.000498371,0.00027779
8.88E-05,0.000102981,0.000795783
3.29E-05,6.08E-05,0.000104262
5.12E-06,1.20E-06,0.00015824
0.000250989,0.000674348,0.000195049
0.00011905,0.000183884,0.00092051
1.23E-05,4.23E-06,0.000120588
3.68E-06,3.68E-06,0.000120107
0.000157981,0.000116463,0.000306623
0.000577606,0.000524728,0.00114004
5.94E-06,7.15E-06,0.000107207
1.49E-06,9.93E-06,0.0004097
4.62E-05,0.00020253,0.000162329
0.00042125,0.000695451,0.000444154
2.70E-06,1.44E-09,0.000122274
2.61E-06,5.12E-06,0.000363805
6.53E-05,6.98E-05,0.00025824
0.000500152,0.000567954,0.000603613
9.44E-10,2.08E-07,6.85E-05
1.79E-06,1.26E-05,0.00039868
8.06E-06,0.000134113,7.74E-06
0.000352728,0.000747754,0.000409017
1.56E-06,6.10E-06,7.19E-05
1.14E-07,1.71E-06,0.00035501
1.30E-05,0.000334088,3.49E-05
0.000228513,0.000448258,0.000564553
8.74E-07,1.19E-05,1.54E-05
1.09E-07,6.04E-06,0.000169429
0.000176317,0.000452837,0.000212985
0.000130726,0.000611173,0.000622904
1.63E-07,3.87E-05,1.06E-05
3.55E-07,4.77E-06,0.000136009
4.05E-05,0.000811619,0.00013595
0.000149792,0.000579553,0.000813063
3.19E-07,5.93E-05,4.69E-07
3.05E-06,1.21E-05,2.54E-05
3.15E-07,0.00097782,0.000142111
0.000442307,0.000763858,0.0026171
1.62E-06,4.03E-05,1.48E-06
9.52E-07,4.44E-06,5.90E-05
1.68E-05,0.000683767,8.46E-05
0.00038289,0.000563401,0.00299142
2.87E-06,5.95E-05,2.88E-06
1.82E-06,1.14E-05,8.40E-06
7.99E-06,0.000825325,5.06E-05
0.000381286,0.000745439,0.00216311
6.24E-06,1.28E-05,1.95E-06
2.75E-05,2.84E-05,2.82E-05
8.59E-05,0.000269635,2.11E-05
1.18E-05,1.70E-05,0.00250458
8.75E-06,1.98E-05,6.40E-06
1.21E-05,2.53E-05,0.00026974
0.000219752,0.000353909,4.30E-05
0.000155457,5.93E-05,0.0041122
3.15E-05,8.47E-05,7.84E-06
6.53E-06,6.47E-06,0.00038809
0.000425669,0.000962099,1.79E-05
0.000259678,0.00027295,0.00457298
1.37E-05,0.000116453,5.85E-05
3.58E-06,2.64E-06,0.00054659
1.29E-05,0.0011023,0.000504339
0.000194332,0.000402289,0.00386565
5.81E-06,3.10E-05,7.60E-05
7.95E-07,1.80E-06,0.000704864
7.36E-06,0.000292553,0.000412412
0.000336762,0.000459302,0.00430873
9.68E-06,4.18E-05,3.72E-05
1.32E-07,3.28E-08,0.000534728
6.64E-05,0.000365492,0.00014878
0.00055148,0.00062111,0.00380597
2.98E-05,7.35E-05,4.43E-05
1.50E-06,1.54E-06,0.000690069
0.000222205,0.00057454,0.000104879
0.000372142,0.000487788,0.00423982
4.20E-05,9.60E-05,4.93E-06
2.83E-07,2.33E-09,0.000377773
0.000296158,0.000665538,4.39E-06
0.000469598,0.000651461,0.00311954
6.06E-05,7.14E-05,5.21E-06
7.96E-06,1.07E-05,0.000496949
0.0004476,0.00042142,1.05E-07
0.00026524,0.000284429,0.00350732
4.31E-05,9.03E-05,5.71E-05
2.20E-06,5.47E-06,0.000812203
9.00E-05,0.000492459,0.000267277
0.000294889,0.000409846,0.00349569
1.58E-05,2.53E-06,6.93E-05
2.37E-06,1.74E-05,0.000992672
2.93E-05,4.54E-10,0.000216872
0.000354837,0.000252062,0.0038964
2.01E-05,2.63E-06,1.76E-06
2.39E-06,1.08E-05,0.000368921
8.18E-06,2.26E-06,9.23E-05
0.000285396,0.000367959,0.00172032
1.42E-05,3.85E-07,3.15E-06
1.40E-06,8.36E-06,0.000455463
7.88E-06,1.57E-09,6.64E-05
0.000360592,0.000429898,0.00199925
3.55E-06,4.24E-07,3.86E-07
7.97E-06,3.13E-06,6.07E-05
0.000118532,1.99E-06,0.000222017
9.00E-05,0.000573569,0.000361433
1.24E-06,1.04E-05,9.13E-09
1.07E-07,1.63E-08,7.77E-05
0.000236184,6.01E-05,0.000184531
0.000330455,0.000787941,0.000492058
4.48E-06,1.29E-05,1.32E-05
1.68E-06,1.83E-06,0.000143905
0.00011432,4.24E-05,0.00016716
0.000646484,0.000972379,0.000880126
1.03E-05,2.37E-05,1.81E-05
5.31E-06,3.93E-06,0.000183423
0.000111243,6.28E-05,0.000138152
0.000774605,0.000998213,0.00107108
1.79E-05,2.74E-05,2.44E-05
1.27E-05,1.32E-05,0.000179149
0.000222195,4.65E-05,0.000266154
0.000770465,0.00119717,0.000848343
2.52E-05,2.67E-05,3.28E-05
2.94E-05,3.37E-05,0.000222036
0.000200767,2.28E-05,0.000233009
0.00100573,0.0014833,0.00102913
3.88E-05,2.89E-05,3.35E-05
4.13E-05,6.08E-05,0.00016192
0.000310622,1.44E-05,0.000276741
0.000951746,0.00171402,0.000738497
2.71E-05,7.84E-06,4.35E-05
5.12E-05,8.37E-05,0.000199971
0.000154317,1.87E-05,0.00024667
0.000959622,0.00177866,0.000900979
4.15E-05,6.58E-06,6.08E-05
7.21E-05,0.000128018,0.00022815
0.000311501,2.68E-05,0.000391096
0.000899161,0.00201952,0.000810803
1.61E-05,1.18E-06,7.67E-05
2.43E-05,4.52E-05,0.000274904
5.71E-05,8.34E-05,0.000359251
0.000374007,0.000871221,0.000972975
1.90E-05,3.76E-07,5.56E-05
3.38E-05,6.82E-05,0.000216266
5.84E-05,9.75E-05,0.000246503
0.000440123,0.00103492,0.000829034
1.25E-06,2.14E-06,6.75E-05
1.88E-06,7.33E-06,0.00026226
1.07E-05,0.000215734,0.000224532
8.24E-05,0.000248805,0.000984879
1.77E-05,4.87E-06,0.000257625
1.67E-06,1.27E-05,0.000370498
0.00019028,0.000234821,0.00120485
1.17E-05,0.000335303,0.000642935
1.77E-05,7.01E-07,0.000315279
1.27E-06,9.96E-06,0.000422601
0.000133643,0.000105574,0.0011606
2.24E-05,0.000294638,0.000773748
1.46E-05,1.85E-06,0.000122638
4.60E-07,1.66E-05,0.000102517
4.21E-06,0.000117227,0.000186483
9.76E-05,0.000382803,0.000474497
3.98E-06,2.77E-08,0.000137711
1.31E-05,7.87E-06,0.000126827
2.40E-05,3.46E-05,0.000172115
3.06E-09,1.20E-06,0.000581229
7.47E-06,1.85E-08,0.00014502
1.55E-05,7.23E-06,8.02E-05
8.65E-09,4.04E-05,0.000253131
6.43E-07,1.14E-05,0.000312075
3.71E-05,7.80E-06,0.000164271
6.78E-06,2.49E-05,9.77E-05
9.72E-05,3.10E-06,0.000238611
0.00032426,0.000633234,0.000394149
4.29E-05,8.24E-06,0.000174292
1.72E-05,3.96E-05,0.000122259
4.55E-05,1.82E-06,0.000126433
0.000573622,0.000743709,0.000641475
2.60E-05,1.29E-05,0.00018889
4.00E-06,6.06E-06,0.000152833
6.53E-07,7.36E-06,0.00011781
0.000304269,0.000241139,0.000748597
3.64E-05,1.38E-05,0.00018244
5.24E-06,1.08E-05,0.000112674
4.98E-05,5.58E-06,0.000204032
0.000196917,0.000306169,0.000384472
3.26E-05,3.64E-06,0.00020169
2.83E-05,6.49E-05,0.000135287
4.20E-05,9.05E-06,0.000194629
0.000440572,0.00087197,0.000462144
4.57E-05,3.07E-06,0.000276148
4.88E-05,9.16E-05,0.000225268
8.50E-05,1.09E-05,0.000288256
0.000549505,0.000981725,0.000659514
1.80E-05,3.84E-06,0.000304326
1.10E-05,1.40E-05,0.000266357
1.83E-08,6.57E-06,0.000278737
0.000167237,0.000183245,0.000751413
2.03E-05,3.33E-06,0.000253729
1.71E-05,1.99E-05,0.000219377
4.25E-08,7.85E-06,0.000172218
0.000228473,0.00023114,0.000614346
1.32E-05,1.08E-07,0.0002744
3.76E-05,6.23E-05,0.00025839
1.71E-06,4.33E-05,0.000166178
0.000366165,0.000562534,0.000695017
2.68E-05,1.06E-11,0.000360961
4.50E-05,8.29E-05,0.000256658
2.28E-05,4.58E-05,0.000289528
0.000304783,0.000635947,0.000532703
8.29E-06,1.85E-06,0.000393118
3.60E-05,6.80E-05,0.000295603
3.70E-06,9.25E-05,0.000282901
0.000205984,0.000440996,0.000600382
1.45E-05,3.39E-06,0.000146542
9.32E-06,8.69E-05,3.08E-05
0.000168895,9.54E-05,0.000245799
5.70E-05,0.00049932,7.58E-05
3.03E-05,1.42E-05,0.000165756
6.57E-07,8.96E-06,2.65E-05
0.0002016,3.76E-05,0.000240815
0.000102678,1.57E-05,5.49E-05
3.24E-05,1.65E-05,0.000100073
1.79E-07,1.04E-05,5.93E-06
0.000140864,3.60E-05,9.44E-05
6.05E-05,2.67E-05,8.27E-05
1.42E-05,2.23E-06,0.000109781
8.04E-07,4.63E-06,4.02E-06
3.06E-05,2.78E-06,9.20E-05
9.32E-05,7.52E-06,6.33E-05
1.17E-05,1.98E-06,0.000125992
1.20E-06,5.35E-06,3.62E-05
8.71E-06,3.12E-06,1.03E-05
3.58E-05,1.43E-05,8.59E-05
1.11E-05,7.09E-07,0.000129342
1.07E-05,3.11E-05,4.22E-05
3.61E-06,9.63E-06,9.71E-06
0.00012263,0.00016331,0.000104592
2.88E-06,4.70E-07,2.29E-07
3.01E-06,3.88E-05,5.51E-06
1.61E-05,1.01E-05,0.00016351
1.18E-05,0.000186425,1.94E-05
2.92E-06,2.89E-07,2.59E-08
8.67E-06,4.49E-05,6.47E-06
9.16E-06,1.03E-05,0.000164909
4.27E-05,0.000191695,1.29E-05
9.04E-07,1.42E-07,1.74E-05
2.57E-06,5.48E-05,4.88E-05
1.92E-05,1.07E-05,0.000353971
3.98E-06,0.000211921,7.81E-05
1.69E-06,1.01E-07,2.61E-05
9.97E-06,6.32E-05,5.48E-05
5.29E-06,9.22E-06,0.000355118
3.53E-05,0.000215982,6.69E-05
9.41E-09,2.74E-08,0.000112147
6.11E-07,7.55E-05,0.000192271
2.15E-05,9.46E-06,0.000714599
4.48E-06,0.000232442,0.000278686
3.62E-05,3.98E-05,0.000141957
1.40E-05,9.89E-07,0.000215329
0.000444373,0.000389129,0.000714978
0.000169262,4.27E-05,0.000262221
4.03E-05,5.31E-05,5.15E-05
1.16E-05,4.59E-07,9.06E-05
0.000381295,0.000389417,0.000293833
8.65E-05,3.75E-05,3.81E-05
7.86E-07,1.75E-07,6.44E-05
4.49E-09,3.90E-06,9.62E-05
4.42E-06,8.14E-07,0.000293952
1.57E-06,2.56E-06,3.42E-05
2.64E-07,1.39E-07,1.96E-05
1.84E-08,3.60E-06,6.34E-05
5.11E-06,7.86E-07,0.000136197
1.06E-05,1.84E-06,1.63E-08
1.09E-07,1.82E-06,2.50E-05
2.16E-07,3.69E-07,6.33E-05
4.23E-08,2.79E-05,0.000136124
7.12E-06,5.80E-05,1.11E-09
